{
  "trip_id": "trip_001",
  "driver_id": "drv_001",
  "n_records": 600,
  "hz": 10.0,
  "duration_sec": 60.0,
  "dist_km": 1.1700720000000002,
  "hard_brakes": 3,
  "harsh_accels": 0,
  "cornering_events": 5,
  "hard_brake_rate_100km": 256.39447828851553,
  "harsh_accel_rate_100km": 0.0,
  "corner_rate_100km": 427.32413048085925,
  "speeding_exposure": 0.4033333333333333,
  "night_mile_share": 0.0,
  "rain_mile_share": 0.15166666666666667,
  "idle_share": 0.0,
  "avg_speed": 19.5012,
  "p50_speed": 19.457,
  "p95_speed": 32.14765,
  "std_speed": 8.262258690374361,
  "jerk_mean": 2.4071550000000004,
  "jerk_p95": 4.669699999999999
}