model,rmse,r2
CatBoost,0.04671176670324593,0.9830707738475464
