model,rmse,r2
CatBoost,0.04671176670324593,0.9830707738475464
LightGBM,0.07901475428801741,0.9515603598648604
